code,name_ar
CAED,القاهرة للخدمات التعليمية
CLHO,شركة مستشفي كليوباترا
COPR,كوبر للاستثمار التجاري والتطوير العقاري
COSG,القاهرة للزيوت والصابون
CPCI,شركة القاهرة للأدوية
CRST,كريستمارك للمقاولات والتطوير العمراني
DGTZ,ديجتايز للاستثمار والتقنية
EALR,العربية لاستصلاح الاراضي
EDFM,مطاحن شرق الدلتا
AALR,العامة لاستصلاح الاراضي والتنمية
ACAMD,الشركة العربية لادارة وتطوير الاصول
ADIB,مصرف أبو ظبي الإسلامي - مصر
ADRI,اراب للتنمية والاستثمار العقاري
AFMC,مطاحن ومخابز الاسكندرية
AIFI,اطلس للاستثمار والصناعات الغذائية
AJWA,اجواء للصناعات الغذائية - مصر
AMES,الاسكندرية للخدمات الطبية
AMOC,الاسكندرية للزيوت المعدنية
AMPI,نوفيدا للإستثمار والتكنولوجيا
EFID,ايديتا للصناعات الغذائية
EGAL,مصر للألومنيوم
EGAS,غاز مصر
EHDR,المصريين للاسكان والتنمية والتعمير
EITP,المصرية للمشروعات السياحية
ELNA,النصر لتصنيع الحاصلات الزراعية
FAITA,بنك فيصل الاسلامي - بالدولار
FCMD,فيوتشر كير للصناعات الطبية
FIRE,الاولي للاستثمار والتنمية العقارية
APPC,العبوات الدوائية المتطورة
APSW,العربيه وبولفارا للغزل والنسيج
ARCC,العربية للاسمنت
ATLC,التوفيق للتأجير التمويلي
ATQA,مصر الوطنية للصلب - عتاقة
AXPH,الاسكندرية للادوية
BIDI,بي اي دي للاستثمار والتنمية
BIGP,بي اي جي للتجارة والاستثمار
BIOC,جلاكسو سميث كلاين
FNAR,الفنار للمقاولات
GIHD,الغربية الإسلامية للتنمية العمرانية
GMCI,مجموعة جي.أم.سي
GPIM,جي بي آي للنمو العمراني
GTHE,جلوبال تليكوم القابضة
ICFC,الدولية للأسمدة والكيماويات
IEEC,المشروعات الصناعية والهندسية
IFAP,الدوليه للمحاصيل الزراعيه
INEG,المجموعة المتكاملة للأعمال الهندسية
SMFR,سماد مصر - ايجيفرت
SPIN,الاسكندرية للغزل والنسيج
SPMD,سبيد ميديكال
TANM,تنمية للاستثمار العقاري
UEFM,مطاحن مصر العليا
UPMS,الاتحاد الصيدلي
VERT,فرتيكا للصناعة والتجارة
WKOL,وادي كوم امبو
ZEOT,الزيوت المستخلصة ومنتجاتها
INFI,فوديكو
ISMA,الاسماعيلية مصر للدواجن
ISMQ,الحديد والصلب للمناجم والمحاجر
JUFO,جهينة للصناعات الغذائية
KABO,النصر للملابس - كابو
MBSC,مصر بني سويف للاسمنت
MCQE,مصر للاسمنت - قنا
MCRO,ماكرو جروب
MFPC,موبكو
MICH,مصر لصناعة الكيماويات
MILS,مطاحن ومخابز شمال القاهرة
MISR,مصر انتركونتنتال للجرانيت
MKIT,المصرية الكويتية للاستثمار
MMAT,مرسى مرسى علم
MOED,المصرية لنظم التعليم الحديثة
MOSC,مصر للزيوت والصابون
MPCI,ممفيس للادوية
MPCO,المنصورة للدواجن
MTIE,ام.ام جروب
NCCW,النصر للاعمال المدنية
NCGC,النيل لحليج الاقطان
NEDA,شمال الصعيد - نيوداب
NINH,مستشفى النزهة الدولي
OBRI,شركة العبور للإستثمار العقاري
OCPH,اكتوبر فارما
PACH,باكين للبويات
PHGC,بريميم هيلثكير جروب
POUL,القاهرة للدواجن
PRCL,الشركة العامة للسيراميك
RREI,الاستثمار العقاري العربي - اليكو
RUBX,رووبكس
SAUD,بنك البركة مصر
SCEM,اسمنت سيناء
SCFM,مطاحن جنوب القاهرة
SIPC,سبأ الدولية للأدوية
SKPC,سيدي كرير للبتروكيماويات
ETEL,المصرية للاتصالات
SWDY,السويدي إليكتريك
TMGH,طلعت مصطفى القابضة
PHDC,بالم هيلز للتعمير
OCDI,سوديك
AUTO,جي بي أوتو
FWRY,فوري
ISPH,ابن سينا فارما
ORWE,النساجون الشرقيون
MNHD,مدينة نصر للإسكان
ORAS,أوراسكوم للإنشاءات
ORHD,أوراسكوم للتنمية
EMFD,إعمار مصر
OLFI,عبور لاند
ABUK,أبو قير للأسمدة
RAYA,راية القابضة
RACC,راية لمراكز الاتصال
TAMD,تعليم لخدمات الإدارة
ETRS,ايجيترانس
ACGC,العربية لحليج الأقطان
ECAP,العز للسيراميك - الجوهرة
FAIT,بنك فيصل الإسلامي - بالجنيه
