code,source,bars,last_date,note
AALR,yahoo,1210,2026-10-07,
ABUK,yahoo,1210,2026-10-07,
ACAMD,yahoo,1210,2026-10-07,
ACGC,yahoo,1210,2026-10-07,
ADIB,yahoo,1212,2026-10-07,
ADRI,cache+eodhd,244,2026-10-07,Yahoo فشل، استخدمنا الكاش
AFMC,yahoo,1210,2026-10-07,
AIFI,yahoo,1212,2026-10-07,
AJWA,yahoo,1210,2026-10-07,
AMES,yahoo,1211,2026-10-07,
AMOC,yahoo,1210,2026-10-07,
AMPI,yahoo,1212,2026-10-07,
APPC,cache+eodhd,187,2026-10-07,Yahoo فشل، استخدمنا الكاش
APSW,yahoo,1210,2026-10-07,
ARCC,yahoo,1210,2026-10-07,
ATLC,yahoo,1210,2026-10-07,
ATQA,yahoo,1210,2026-10-07,
AUTO,cache+eodhd,243,2026-10-07,Yahoo فشل، استخدمنا الكاش
AXPH,yahoo,1211,2026-10-07,
BIDI,yahoo,1210,2026-10-07,
BIGP,yahoo,1210,2026-10-07,
BIOC,yahoo,1210,2026-10-07,
CAED,yahoo,1210,2026-10-07,
CLHO,yahoo,1210,2026-10-07,
COPR,yahoo,1210,2026-10-07,
COSG,yahoo,1210,2026-10-07,
CPCI,yahoo,1210,2026-10-07,
CRST,cache+eodhd,243,2026-10-07,Yahoo فشل، استخدمنا الكاش
DGTZ,cache+eodhd,242,2026-10-07,Yahoo فشل، استخدمنا الكاش
EALR,yahoo,1210,2026-10-07,
ECAP,yahoo,1210,2026-10-07,
EDFM,yahoo,1210,2026-10-07,
EFID,yahoo,1210,2026-10-07,
EFIH,yahoo,1204,2026-10-07,
EGAL,yahoo,1210,2026-10-07,
EGAS,yahoo,1211,2026-10-07,
EHDR,yahoo,1210,2026-10-07,
EITP,cache+eodhd,243,2026-10-07,Yahoo فشل، استخدمنا الكاش
ELNA,yahoo,1210,2026-10-07,
EMFD,yahoo,1210,2026-10-07,
ETEL,yahoo,1210,2026-10-07,
ETRS,yahoo,1210,2026-10-07,
FAIT,yahoo,1210,2026-10-07,
FAITA,yahoo,1210,2026-10-07,
FCMD,cache+eodhd,245,2026-10-07,Yahoo فشل، استخدمنا الكاش
FIRE,yahoo,1211,2026-10-07,
FNAR,yahoo,1210,2026-10-07,
FWRY,yahoo,1210,2026-10-07,
GIHD,yahoo,1210,2026-10-07,
GMCI,yahoo,1211,2026-10-07,
GOUR,cache+eodhd,171,2026-10-07,Yahoo فشل، استخدمنا الكاش
GPIM,cache+eodhd,245,2026-10-07,Yahoo فشل، استخدمنا الكاش
GTHE,cache+eodhd,243,2026-10-07,Yahoo فشل، استخدمنا الكاش
ICFC,yahoo,1210,2026-10-07,
IEEC,yahoo,33,2026-10-07,
IFAP,yahoo,1210,2026-10-07,
INEG,yahoo,1210,2026-10-07,
INFI,yahoo,1210,2026-10-07,
ISMA,yahoo,1210,2026-10-07,
ISMQ,yahoo,1188,2026-10-07,
ISPH,yahoo,1210,2026-10-07,
JUFO,yahoo,1210,2026-10-07,
KABO,yahoo,1210,2026-10-07,
LCSW,yahoo,1210,2026-10-07,
MASR,yahoo,1210,2026-10-07,
MBSC,yahoo,1210,2026-10-07,
MCQE,yahoo,1210,2026-10-07,
MCRO,yahoo,620,2026-10-07,
MFPC,yahoo,1210,2026-10-07,
MICH,yahoo,1212,2026-10-07,
MILS,yahoo,1210,2026-10-07,
MISR,yahoo,1212,2026-10-07,
MKIT,yahoo,1173,2026-08-12,
MMAT,yahoo,1211,2026-10-07,
MNHD,none,0,,لا بيانات (Yahoo وEODHD)
MOED,yahoo,1210,2026-10-07,
MOSC,yahoo,1211,2026-10-07,
MPCI,yahoo,1210,2026-10-07,
MPCO,yahoo,1210,2026-10-07,
MTIE,yahoo,1212,2026-10-07,
NCCW,yahoo,1210,2026-10-07,
NCGC,cache+eodhd,243,2026-10-07,Yahoo فشل، استخدمنا الكاش
NEDA,yahoo,1210,2026-10-07,
NINH,yahoo,1211,2026-10-07,
OBRI,yahoo,1210,2026-10-07,
OCDI,yahoo,1210,2026-10-07,
OCPH,yahoo,1211,2026-10-07,
OLFI,yahoo,1210,2026-10-07,
ORAS,yahoo,1212,2026-10-07,
ORHD,yahoo,1210,2026-10-07,
ORWE,yahoo,1210,2026-10-07,
PACH,cache+eodhd,243,2026-10-07,Yahoo فشل، استخدمنا الكاش
PHDC,yahoo,1210,2026-10-07,
PHGC,cache+eodhd,243,2026-10-07,Yahoo فشل، استخدمنا الكاش
POUL,yahoo,1210,2026-10-07,
PRCL,yahoo,1210,2026-10-07,
RACC,yahoo,1210,2026-10-07,
RAYA,yahoo,1211,2026-10-07,
RMDA,yahoo,1210,2026-10-07,
RREI,yahoo,1210,2026-10-07,
RUBX,yahoo,1210,2026-10-07,
SAUD,yahoo,1210,2026-10-07,
SCEM,yahoo,1210,2026-10-07,
SCFM,yahoo,1210,2026-10-07,
SIPC,yahoo,1212,2026-10-07,
SKPC,yahoo,1210,2026-10-07,
SMFR,yahoo,1210,2026-10-07,
SPIN,yahoo,1210,2026-10-07,
SPMD,yahoo,1210,2026-10-07,
SWDY,yahoo,1210,2026-10-07,
TAMD,none,0,,لا بيانات (Yahoo وEODHD)
TANM,cache+eodhd,243,2026-10-07,Yahoo فشل، استخدمنا الكاش
TMGH,yahoo,1210,2026-10-07,
UEFM,yahoo,1210,2026-10-07,
UPMS,cache+eodhd,245,2026-10-07,Yahoo فشل، استخدمنا الكاش
VERT,eodhd,243,2026-10-07,من EODHD فقط (سنة تاريخ)
WKOL,yahoo,1210,2026-10-07,
ZEOT,yahoo,1210,2026-10-07,
