date,bench_close,bench_sma50,bench_sma200,bench_ret60,breadth50,breadth200,seasonality_score,seasonality_month_return,regime_score,regime
2025-02-25,308.6547,303.3786,251.9879,6.8877,0.5253,0.7692,0.7399,6.5881,0.8049,strong_up
2025-02-26,309.3444,303.6019,252.5834,6.6827,0.5455,0.6154,0.7399,6.5881,0.7825,up
2025-02-27,310.7141,303.851,253.1867,6.843,0.5354,0.6923,0.7399,6.5881,0.7937,up
2025-03-02,311.3066,304.172,253.8024,6.0893,0.5253,0.6923,0.4136,-1.7785,0.7613,up
2025-03-03,312.2432,304.4914,254.4229,5.306,0.5455,0.6923,0.4136,-1.7785,0.7668,up
2025-03-04,312.7059,304.7955,255.0673,4.9041,0.4949,0.6923,0.4136,-1.7785,0.753,up
2025-03-05,311.0769,305.1308,255.7071,4.6773,0.4343,0.6923,0.4136,-1.7785,0.7365,up
2025-03-06,312.3097,305.5035,256.3564,5.8158,0.4343,0.6154,0.4136,-1.7785,0.7225,up
2025-03-09,314.9776,305.9237,257.0174,5.8645,0.4545,0.6923,0.4136,-1.7785,0.742,up
2025-03-10,316.6227,306.3772,257.6621,6.0777,0.5152,0.6154,0.4136,-1.7785,0.7445,up
2025-03-11,317.494,306.8841,258.2893,6.2503,0.5152,0.6154,0.4136,-1.7785,0.7445,up
2025-03-12,320.6057,307.5442,258.9159,7.5196,0.5253,0.6154,0.4136,-1.7785,0.7473,up
2025-03-13,323.4088,308.1854,259.5574,8.4333,0.5455,0.6154,0.4136,-1.7785,0.7528,up
2025-03-16,325.2907,308.7305,260.2133,10.1722,0.5859,0.5385,0.4136,-1.7785,0.7498,up
2025-03-17,324.587,309.1458,260.8623,9.5568,0.5657,0.5385,0.4136,-1.7785,0.7443,up
2025-03-18,325.0816,309.5894,261.5143,9.2704,0.5455,0.5385,0.4136,-1.7785,0.7388,up
2025-03-19,324.2789,309.9962,262.1509,10.1826,0.5253,0.5385,0.4136,-1.7785,0.7333,up
2025-03-20,324.762,310.4073,262.7936,10.5851,0.5859,0.5385,0.4136,-1.7785,0.7498,up
2025-03-23,328.3584,310.9288,263.4572,11.6978,0.6061,0.5385,0.4136,-1.7785,0.7553,up
2025-03-24,328.8998,311.5902,264.1317,11.8916,0.5657,0.6154,0.4136,-1.7785,0.7583,up
2025-03-25,328.1612,312.2327,264.8029,12.3273,0.5657,0.6923,0.4136,-1.7785,0.7723,up
2025-03-26,329.9399,312.8279,265.4869,14.7207,0.5758,0.6923,0.4136,-1.7785,0.775,up
2025-03-27,331.9076,313.3902,266.1782,13.9215,0.6061,0.6154,0.4136,-1.7785,0.7693,up
2025-04-03,331.6648,313.8513,266.8806,11.2835,0.5859,0.6154,0.6697,3.8474,0.7871,up
2025-04-06,319.1715,314.0806,267.5259,5.0524,0.4141,0.6154,0.6697,3.8474,0.7403,up
2025-04-07,320.423,314.2874,268.1935,5.7847,0.3939,0.6154,0.6697,3.8474,0.7348,up
2025-04-08,324.7485,314.551,268.8761,6.8463,0.4646,0.6154,0.6697,3.8474,0.754,up
2025-04-09,316.538,314.64,269.515,4.0538,0.3737,0.4615,0.6697,3.8474,0.7013,up
2025-04-10,324.5094,314.8886,270.184,7.3514,0.4545,0.6154,0.6697,3.8474,0.7513,up
2025-04-13,328.7522,315.294,270.8637,11.1295,0.5253,0.6154,0.6697,3.8474,0.7706,up
2025-04-14,331.9789,315.7081,271.547,12.1405,0.5758,0.6154,0.6697,3.8474,0.7843,up
2025-04-15,334.8113,316.1795,272.2412,11.537,0.5859,0.7692,0.6697,3.8474,0.8151,strong_up
2025-04-16,336.4755,316.7052,272.937,10.7594,0.6061,0.6923,0.6697,3.8474,0.8066,strong_up
2025-04-17,337.6882,317.2554,273.633,9.4227,0.596,0.7692,0.6697,3.8474,0.8178,strong_up
2025-04-22,341.537,317.9529,274.3431,10.9941,0.6465,0.7692,0.6697,3.8474,0.8316,strong_up
2025-04-23,346.7249,318.7279,275.0775,11.8172,0.7172,0.8283,0.6697,3.8474,0.8616,strong_up
2025-04-27,348.9624,319.5685,275.8195,12.0016,0.7576,0.8384,0.6697,3.8474,0.8745,strong_up
2025-04-28,351.207,320.423,276.5723,12.5334,0.7576,0.8283,0.6697,3.8474,0.8726,strong_up
2025-04-29,352.5449,321.3062,277.3339,12.9667,0.7677,0.8687,0.6697,3.8474,0.8827,strong_up
2025-04-30,353.9201,322.2189,278.0978,14.7302,0.7677,0.8485,0.6697,3.8474,0.8791,strong_up
2025-05-04,356.5157,323.3337,278.875,14.5333,0.7879,0.8586,0.5275,0.5515,0.8735,strong_up
2025-05-05,355.5598,324.4439,279.6466,14.2399,0.7475,0.8586,0.5275,0.5515,0.8625,strong_up
2025-05-06,356.5215,325.5357,280.4267,14.937,0.7677,0.8283,0.5275,0.5515,0.8625,strong_up
2025-05-07,353.8485,326.4783,281.1973,14.0795,0.7475,0.8384,0.5275,0.5515,0.8588,strong_up
2025-05-08,354.6663,327.4406,281.9704,15.6531,0.7576,0.8283,0.5275,0.5515,0.8597,strong_up
2025-05-11,353.029,328.3879,282.7264,14.6288,0.7273,0.8283,0.5275,0.5515,0.8514,strong_up
2025-05-12,353.5536,329.3306,283.4786,15.1893,0.7172,0.8384,0.5275,0.5515,0.8505,strong_up
2025-05-13,353.5638,330.2359,284.2197,14.6147,0.7172,0.8283,0.5275,0.5515,0.8487,strong_up
2025-05-14,353.765,331.1072,284.9541,14.7151,0.697,0.8081,0.5275,0.5515,0.8395,strong_up
2025-05-15,352.8192,331.9646,285.6792,14.4452,0.6364,0.8081,0.5275,0.5515,0.823,strong_up
2025-05-18,349.7143,332.7858,286.3816,16.2703,0.596,0.7879,0.5275,0.5515,0.8083,strong_up
2025-05-19,347.4106,333.5471,287.0734,15.7862,0.5152,0.7778,0.5275,0.5515,0.7844,up
2025-05-20,349.479,334.3224,287.7813,15.747,0.5152,0.7778,0.5275,0.5515,0.7844,up
2025-05-21,351.6065,335.1284,288.5027,14.634,0.5455,0.7677,0.5275,0.5515,0.7908,up
2025-05-22,354.044,335.9645,289.2254,15.4928,0.5657,0.7778,0.5275,0.5515,0.7982,up
2025-05-25,354.1352,336.793,289.9465,15.8584,0.5758,0.7778,0.5275,0.5515,0.8009,strong_up
2025-05-26,350.7464,337.5864,290.6514,14.467,0.5657,0.7677,0.5275,0.5515,0.7963,up
2025-05-27,353.8939,338.4181,291.4007,14.7891,0.6162,0.798,0.5275,0.5515,0.8156,strong_up
2025-05-28,353.8356,339.1953,292.1852,14.0659,0.6061,0.7677,0.5275,0.5515,0.8074,strong_up
2025-05-29,354.1157,339.9451,292.9507,14.2507,0.6061,0.7677,0.5275,0.5515,0.8074,strong_up
2025-06-01,355.6907,340.7091,293.7092,15.239,0.6263,0.798,0.5887,1.8278,0.8239,strong_up
2025-06-02,358.2657,341.4623,294.4795,15.8145,0.6162,0.798,0.5887,1.8278,0.8212,strong_up
2025-06-03,359.5988,342.1861,295.2407,15.733,0.6364,0.8283,0.5887,1.8278,0.8322,strong_up
2025-06-04,360.9373,342.899,296.0075,15.9427,0.6465,0.8182,0.5887,1.8278,0.8331,strong_up
2025-06-10,364.1526,343.6903,296.7938,16.6247,0.6667,0.8283,0.5887,1.8278,0.8405,strong_up
2025-06-11,365.603,344.5007,297.5805,16.9159,0.697,0.8384,0.5887,1.8278,0.8506,strong_up
2025-06-12,358.4872,345.1849,298.327,15.2407,0.5354,0.7879,0.5887,1.8278,0.7973,up
2025-06-15,343.5963,345.5616,298.9907,10.0178,0.3131,0.6667,0.5887,1.8278,0.4874,neutral
2025-06-16,347.0865,345.9362,299.6623,10.194,0.3333,0.6667,0.5887,1.8278,0.7202,up
2025-06-17,341.4828,346.1878,300.2933,7.8516,0.2626,0.6162,0.5887,1.8278,0.4644,neutral
2025-06-18,343.5681,346.4959,300.9284,8.2125,0.3232,0.6061,0.5887,1.8278,0.4791,neutral
2025-06-19,337.1989,346.6411,301.4643,5.1756,0.2525,0.5657,0.5887,1.8278,0.4525,neutral
2025-06-22,343.4189,346.8714,302.017,6.1872,0.2828,0.596,0.5887,1.8278,0.4663,neutral
2025-06-23,348.8766,347.2156,302.5954,7.2507,0.3232,0.6364,0.5887,1.8278,0.7119,up
2025-06-24,358.9425,348.011,303.2167,10.5844,0.4949,0.7071,0.5887,1.8278,0.7716,up
2025-06-25,363.9177,348.8809,303.8534,11.9466,0.5253,0.7677,0.5887,1.8278,0.7909,up
2025-06-29,369.3529,349.773,304.5053,13.8998,0.5657,0.7778,0.5887,1.8278,0.8037,strong_up
2025-06-30,371.5944,350.8741,305.1627,14.4205,0.5556,0.7879,0.5887,1.8278,0.8028,strong_up
2025-07-01,367.3678,351.7313,305.8018,11.8801,0.5253,0.7475,0.7947,14.1847,0.8059,strong_up
2025-07-02,369.746,352.5512,306.4434,12.419,0.5354,0.7475,0.7947,14.1847,0.8087,strong_up
2025-07-06,374.7528,353.4066,307.1107,14.1978,0.6061,0.798,0.7947,14.1847,0.8372,strong_up
2025-07-07,374.7992,354.2064,307.7743,13.5962,0.6061,0.8081,0.7947,14.1847,0.839,strong_up
2025-07-09,375.7946,354.9928,308.4556,13.2226,0.6263,0.7576,0.7947,14.1847,0.8353,strong_up
2025-07-10,377.5752,355.7905,309.1447,13.8424,0.6364,0.7778,0.7947,14.1847,0.8418,strong_up
2025-07-13,376.3329,356.4864,309.8321,17.9093,0.6162,0.798,0.7947,14.1847,0.8399,strong_up
2025-07-14,378.1118,357.1142,310.5163,18.0039,0.6566,0.8182,0.7947,14.1847,0.8546,strong_up
2025-07-15,378.8783,357.7125,311.2005,16.6682,0.6667,0.8182,0.7947,14.1847,0.8574,strong_up
2025-07-16,379.2397,358.2731,311.8939,19.8086,0.6566,0.798,0.7947,14.1847,0.8509,strong_up
2025-07-17,380.6923,358.8361,312.6028,17.3132,0.6869,0.8081,0.7947,14.1847,0.861,strong_up
2025-07-20,385.3429,359.4646,313.3221,17.2138,0.7071,0.8384,0.7947,14.1847,0.8721,strong_up
2025-07-21,386.3205,360.0606,314.0339,16.369,0.7172,0.8182,0.7947,14.1847,0.8711,strong_up
2025-07-22,383.8281,360.626,314.7189,14.6402,0.6566,0.7879,0.7947,14.1847,0.8491,strong_up
2025-07-23,383.8281,361.1721,315.3934,14.0731,0.6465,0.7879,0.7947,14.1847,0.8464,strong_up
2025-07-27,389.6018,361.8872,316.0596,15.3732,0.6566,0.7576,0.7947,14.1847,0.8436,strong_up
2025-07-28,385.9537,362.513,316.7166,13.0049,0.6162,0.7576,0.7947,14.1847,0.8326,strong_up
2025-07-29,389.2934,363.2383,317.3765,12.2773,0.6162,0.7677,0.7947,14.1847,0.8344,strong_up
2025-07-30,386.2076,363.8913,318.007,10.6731,0.5859,0.7677,0.7947,14.1847,0.8262,strong_up
2025-07-31,390.5628,364.6313,318.6532,11.2059,0.6263,0.7677,0.7947,14.1847,0.8372,strong_up
2025-08-03,390.5628,365.3673,319.295,10.7839,0.6364,0.7677,0.7999,27.0087,0.8404,strong_up
2025-08-04,390.5628,366.1221,319.9617,10.3534,0.6364,0.7677,0.7999,27.0087,0.8404,strong_up
2025-08-05,390.7135,366.9421,320.6094,9.5922,0.6364,0.7677,0.7999,27.0087,0.8404,strong_up
2025-08-06,390.7135,367.8082,321.2556,9.8869,0.6263,0.7677,0.7999,27.0087,0.8376,strong_up
2025-08-07,390.7274,368.6331,321.9369,9.5943,0.6364,0.7677,0.7999,27.0087,0.8404,strong_up
2025-08-10,409.0178,369.7814,322.6912,15.5912,0.7677,0.8283,0.7999,27.0087,0.8872,strong_up
2025-08-11,408.3681,370.8679,323.4419,15.1415,0.7374,0.8283,0.7999,27.0087,0.879,strong_up
2025-08-12,411.6507,372.0182,324.2266,16.6053,0.7576,0.8283,0.7999,27.0087,0.8845,strong_up
2025-08-13,411.0091,373.2234,325.0011,16.2509,0.7172,0.8384,0.7999,27.0087,0.8753,strong_up
2025-08-14,411.9152,374.3838,325.7549,16.5038,0.7374,0.798,0.7999,27.0087,0.8735,strong_up
2025-08-17,413.0691,375.5685,326.5051,16.7637,0.7172,0.798,0.7999,27.0087,0.8679,strong_up
2025-08-18,415.105,376.7883,327.2673,17.6537,0.7273,0.798,0.7999,27.0087,0.8707,strong_up
2025-08-19,419.1663,378.0578,328.0659,19.8596,0.7374,0.798,0.7999,27.0087,0.8735,strong_up
2025-08-20,415.6832,379.2062,328.8251,19.6519,0.6768,0.7879,0.7999,27.0087,0.8551,strong_up
2025-08-21,417.5334,380.3649,329.5694,19.4731,0.6667,0.798,0.7999,27.0087,0.8542,strong_up
2025-08-24,423.0063,381.6062,330.3407,20.3067,0.697,0.798,0.7999,27.0087,0.8624,strong_up
2025-08-25,426.9067,382.8613,331.1251,20.5801,0.7071,0.8081,0.7999,27.0087,0.867,strong_up
2025-08-26,425.3594,384.0564,331.889,20.1121,0.6667,0.7778,0.7999,27.0087,0.8505,strong_up
2025-08-27,430.5087,385.4969,332.6823,22.7407,0.697,0.798,0.7999,27.0087,0.8624,strong_up
2025-08-28,440.7935,387.4408,333.5234,24.5553,0.7172,0.8081,0.7999,27.0087,0.8698,strong_up
2025-08-31,454.423,389.5876,334.4325,28.4277,0.7273,0.8081,0.7999,27.0087,0.8725,strong_up
2025-09-01,454.8489,391.8549,335.3318,28.4464,0.697,0.8081,0.6834,4.2655,0.8537,strong_up
2025-09-02,459.3645,394.1708,336.237,29.1472,0.697,0.8182,0.6834,4.2655,0.8555,strong_up
2025-09-03,458.1191,396.5892,337.1315,27.8713,0.6667,0.798,0.6834,4.2655,0.8436,strong_up
2025-09-07,454.3797,398.8084,338.0098,26.3574,0.6263,0.798,0.6834,4.2655,0.8326,strong_up
2025-09-08,458.3095,400.9971,338.8919,26.9776,0.6061,0.798,0.6834,4.2655,0.827,strong_up
2025-09-09,454.8783,402.9158,339.7481,24.9142,0.6061,0.7576,0.6834,4.2655,0.8197,strong_up
2025-09-10,456.5459,404.7684,340.604,24.8748,0.6061,0.7677,0.6834,4.2655,0.8215,strong_up
2025-09-11,456.7444,406.5162,341.454,27.4088,0.596,0.7677,0.6834,4.2655,0.8188,strong_up
2025-09-14,457.2644,408.2296,342.3082,33.0819,0.596,0.7879,0.6834,4.2655,0.8225,strong_up
2025-09-15,455.8041,409.9983,343.1562,31.3229,0.6061,0.798,0.6834,4.2655,0.827,strong_up
2025-09-16,446.1503,411.5264,343.9444,30.6509,0.5758,0.7172,0.6834,4.2655,0.8041,strong_up
2025-09-17,450.0281,413.0319,344.746,30.9866,0.5354,0.7071,0.6834,4.2655,0.7912,up
2025-09-18,448.2828,414.5016,345.5576,32.9431,0.5253,0.7172,0.6834,4.2655,0.7903,up
2025-09-21,446.1746,415.9092,346.3621,29.9214,0.5253,0.7071,0.6834,4.2655,0.7885,up
2025-09-22,445.8339,417.2744,347.1614,27.7913,0.4949,0.7273,0.6834,4.2655,0.7839,up
2025-09-23,441.8166,418.584,347.934,23.0884,0.4848,0.7172,0.6834,4.2655,0.7793,up
2025-09-24,445.5217,419.9322,348.7296,22.4238,0.5051,0.7273,0.6834,4.2655,0.7866,up
2025-09-25,447.3634,421.3019,349.5388,21.1208,0.5455,0.7071,0.6834,4.2655,0.794,up
2025-09-28,449.4199,422.7055,350.3514,20.9437,0.5455,0.7273,0.6834,4.2655,0.7977,up
2025-09-29,453.6892,424.1655,351.2018,23.4973,0.5556,0.7374,0.6834,4.2655,0.8023,strong_up
2025-09-30,456.8645,425.5959,352.0621,23.5617,0.5859,0.7576,0.6834,4.2655,0.8142,strong_up
2025-10-01,458.7217,427.0439,352.9119,22.4065,0.596,0.7576,0.7509,7.2504,0.8231,strong_up
2025-10-02,459.969,428.5667,353.7619,22.7241,0.5859,0.7677,0.7509,7.2504,0.8222,strong_up
2025-10-05,466.0968,430.2121,354.6383,24.0297,0.6364,0.8081,0.7509,7.2504,0.8433,strong_up
2025-10-06,465.4835,431.7298,355.4985,23.2823,0.6465,0.798,0.7509,7.2504,0.8442,strong_up
2025-10-07,467.8271,433.3672,356.3551,24.312,0.6869,0.8081,0.7509,7.2504,0.8571,strong_up
2025-10-08,468.0286,434.9419,357.2048,23.7805,0.6869,0.798,0.7509,7.2504,0.8552,strong_up
2025-10-09,482.2351,436.8625,358.1301,27.2797,,,0.7509,7.2504,0.7501,up
2025-10-12,464.6446,438.3441,358.9776,22.52,,,0.7509,7.2504,0.7501,up
2025-10-13,468.7805,439.9085,359.8339,23.1389,,,0.7509,7.2504,0.7501,up
2025-10-14,470.6643,441.5105,360.6948,22.1417,,,0.7509,7.2504,0.7501,up
2025-10-15,475.2179,443.2006,361.5768,23.0113,,,0.7509,7.2504,0.7501,up
2025-10-16,478.5028,444.9564,362.4784,24.6659,,,0.7509,7.2504,0.7501,up
2025-10-19,483.5011,446.8118,363.4046,25.9681,,,0.7509,7.2504,0.7501,up
2025-10-20,485.3528,448.3385,364.3551,24.5767,,,0.7509,7.2504,0.7501,up
2025-10-21,506.986,450.3109,365.4087,31.3593,,,0.7509,7.2504,0.7501,up
2025-10-22,507.0913,452.2197,366.4566,30.2594,,,0.7509,7.2504,0.7501,up
2025-10-23,507.9727,454.159,367.5249,31.5284,,,0.7509,7.2504,0.7501,up
2025-10-26,511.4262,456.1492,368.6137,30.9459,,,0.7509,7.2504,0.7501,up
2025-10-27,511.6247,458.1203,369.7019,30.9968,,,0.7509,7.2504,0.7501,up
2025-10-28,503.6394,459.891,370.7504,28.9522,,,0.7509,7.2504,0.7501,up
2025-10-29,503.8091,461.5839,371.8087,28.9459,,,0.7509,7.2504,0.7501,up
2025-10-30,504.3344,463.3569,372.8924,29.0804,,,0.7509,7.2504,0.7501,up
2025-11-02,504.2339,465.0909,373.9568,29.0501,,,0.7223,5.7156,0.7475,up
2025-11-03,508.1185,466.7931,375.0072,24.2289,,,0.7223,5.7156,0.7475,up
2025-11-04,509.6548,468.4481,376.0364,24.8028,,,0.7223,5.7156,0.7475,up
2025-11-05,507.285,470.0866,377.0583,23.2319,,,0.7223,5.7156,0.7475,up
2025-11-06,507.4803,471.6261,378.076,23.4718,,,0.7223,5.7156,0.7475,up
2025-11-09,505.6689,472.9236,379.0833,22.7605,,,0.7223,5.7156,0.7475,up
2025-11-10,504.4938,473.925,380.0944,22.133,,,0.7223,5.7156,0.7475,up
2025-11-11,503.3027,474.8941,381.1317,21.2471,,,0.7223,5.7156,0.7475,up
2025-11-12,506.7323,475.8414,382.1852,20.8905,,,0.7223,5.7156,0.7475,up
2025-11-13,509.8445,476.8759,383.2335,22.6522,,,0.7223,5.7156,0.7475,up
2025-11-16,511.7088,478.0225,384.2731,22.5552,,,0.7223,5.7156,0.7475,up
2025-11-17,513.9798,479.1359,385.3,21.5064,,,0.7223,5.7156,0.7475,up
2025-11-18,508.1755,480.2018,386.3023,19.0367,,,0.7223,5.7156,0.7475,up
2025-11-19,512.0947,481.3128,387.3124,20.3911,,,0.7223,5.7156,0.7475,up
2025-11-20,515.1198,482.4803,388.3301,19.6538,,,0.7223,5.7156,0.7475,up
2025-11-23,518.032,483.6957,389.3598,17.5226,,,0.7223,5.7156,0.7475,up
2025-11-24,513.761,484.8548,390.3683,13.0579,,,0.7223,5.7156,0.7475,up
2025-11-25,508.623,486.1043,391.369,11.8224,,,0.7223,5.7156,0.7475,up
2025-11-26,504.4831,487.1934,392.335,9.822,,,0.7223,5.7156,0.7475,up
2025-11-27,506.7346,488.3624,393.3125,10.612,,,0.7223,5.7156,0.7475,up
2025-11-30,511.718,489.6733,394.3201,12.619,,,0.7223,5.7156,0.7475,up
2025-12-01,510.4538,490.9657,395.3215,11.3775,,,0.7067,5.0759,0.7461,up
2025-12-02,509.4059,492.3175,396.3352,11.9873,,,0.7067,5.0759,0.7461,up
2025-12-03,512.832,493.6637,397.3595,12.3287,,,0.7067,5.0759,0.7461,up
2025-12-04,514.5091,495.0066,398.3974,12.647,,,0.7067,5.0759,0.7461,up
2025-12-07,518.3906,496.386,399.4469,13.3678,,,0.7067,5.0759,0.7461,up
2025-12-08,519.7784,497.7078,400.5039,14.0355,,,0.7067,5.0759,0.7461,up
2025-12-09,524.0662,499.0518,401.5828,17.464,,,0.7067,5.0759,0.7461,up
2025-12-10,528.0616,500.4386,402.7192,17.3397,,,0.7067,5.0759,0.7461,up
2025-12-11,527.8732,501.7967,403.8584,17.7545,,,0.7067,5.0759,0.7461,up
2025-12-14,526.6263,503.0073,404.9818,18.0314,,,0.7067,5.0759,0.7461,up
2025-12-15,528.3894,504.2654,406.0902,18.5171,,,0.7067,5.0759,0.7461,up
2025-12-16,529.006,505.489,407.2024,19.7343,0.6667,,0.7067,5.0759,0.7915,up
2025-12-17,528.7233,506.7029,408.3177,18.6751,0.6667,,0.7067,5.0759,0.7915,up
2025-12-18,530.0767,507.6597,409.436,18.4891,0.4955,,0.7067,5.0759,0.7448,up
2025-12-21,532.5784,509.0184,410.5574,18.5035,0.5405,,0.7067,5.0759,0.7571,up
2025-12-22,535.6906,510.3566,411.6849,18.0744,0.5405,,0.7067,5.0759,0.7571,up
2025-12-23,538.3252,511.7098,412.8268,17.8304,0.5495,,0.7067,5.0759,0.7596,up
2025-12-24,543.1636,513.0687,413.9993,18.4081,0.6126,,0.7067,5.0759,0.7768,up
2025-12-25,543.3389,514.3654,415.1693,18.1251,0.6126,,0.7067,5.0759,0.7768,up
2025-12-28,541.8009,515.5314,416.3247,16.2422,0.5946,,0.7067,5.0759,0.7719,up
2025-12-29,545.2689,516.7298,417.4945,17.1403,0.6306,,0.7067,5.0759,0.7817,up
2025-12-30,547.482,517.5397,418.6707,17.0266,0.6036,,0.7067,5.0759,0.7743,up
2025-12-31,547.0913,518.3397,419.8427,16.8927,0.6126,,0.7067,5.0759,0.7768,up
2026-01-04,544.6683,519.0736,421.0106,12.9466,0.5676,,0.6373,2.9673,0.7582,up
2026-01-05,539.9819,519.6447,422.149,16.214,0.5135,,0.6373,2.9673,0.7434,up
2026-01-06,545.704,520.3263,423.3026,16.4093,0.5766,,0.6373,2.9673,0.7606,up
2026-01-08,544.1068,521.1356,424.44,15.604,0.5495,,0.6373,2.9673,0.7533,up
2026-01-11,547.5479,522.0104,425.5903,15.2204,0.5946,,0.6373,2.9673,0.7656,up
2026-01-12,546.9776,522.8633,426.7222,14.3102,0.5766,,0.6373,2.9673,0.7606,up
2026-01-13,538.7453,523.5535,427.7988,11.4259,0.5135,,0.6373,2.9673,0.7434,up
2026-01-14,528.5819,523.9628,428.8153,8.9067,0.3784,,0.6373,2.9673,0.7066,up
2026-01-15,524.1233,524.2521,429.813,3.3802,0.3514,,0.6373,2.9673,0.4719,neutral
2026-01-18,532.7717,524.7619,430.8514,5.0643,0.4234,,0.6373,2.9673,0.7189,up
2026-01-19,539.4255,525.4008,431.9272,6.1918,0.4595,,0.6373,2.9673,0.7287,up
2026-01-20,542.2315,526.132,433.0145,6.0234,0.4595,,0.6373,2.9673,0.7287,up
2026-01-21,545.8676,526.9595,434.102,6.693,0.4865,,0.6373,2.9673,0.7361,up
2026-01-22,546.7315,527.8281,435.1912,8.5561,0.5045,,0.6373,2.9673,0.741,up
2026-01-25,545.3405,528.6003,436.2771,8.2435,0.4324,,0.6373,2.9673,0.7213,up
2026-01-26,543.3776,529.2709,437.3443,7.7415,0.4414,,0.6373,2.9673,0.7238,up
2026-01-27,542.2065,529.8809,438.3958,7.5307,0.4505,,0.6373,2.9673,0.7262,up
2026-01-28,535.0266,530.3018,439.4126,5.2956,0.4054,,0.6373,2.9673,0.714,up
2026-02-01,540.7671,530.9536,440.5206,6.1046,0.4324,,0.7399,6.5881,0.7307,up
2026-02-02,544.4444,531.6006,441.6407,7.3251,0.4414,,0.7399,6.5881,0.7331,up
2026-02-03,552.5902,532.35,442.7799,8.889,0.4955,,0.7399,6.5881,0.7479,up
2026-02-04,556.4489,533.1184,443.9794,10.0421,0.5856,,0.7399,6.5881,0.7724,up
2026-02-05,556.016,533.9635,445.137,10.2127,0.5495,,0.7399,6.5881,0.7626,up
2026-02-08,690.2481,537.596,446.9445,37.1437,0.5856,,0.7399,6.5881,0.7724,up
2026-02-09,689.075,541.2878,448.7299,35.984,0.5766,,0.7399,6.5881,0.77,up
2026-02-10,692.6784,545.0067,450.5193,35.8607,0.5586,,0.7399,6.5881,0.7651,up
2026-02-11,690.9214,548.5908,452.2915,35.0224,0.5357,,0.7399,6.5881,0.7588,up
2026-02-12,693.5544,552.2528,454.0708,34.9381,0.5446,,0.7399,6.5881,0.7613,up
2026-02-15,701.9813,556.1043,455.8731,38.1376,0.5982,,0.7399,6.5881,0.7759,up
2026-02-16,697.418,559.796,457.6265,36.1893,0.5536,,0.7399,6.5881,0.7637,up
2026-02-17,701.6987,563.5398,459.3902,36.2205,0.5714,,0.7399,6.5881,0.7686,up
2026-02-18,707.4764,567.3215,461.1715,36.57,0.5625,,0.7399,6.5881,0.7661,up
2026-02-19,692.6115,570.7782,462.8719,34.812,0.4821,,0.7399,6.5881,0.7442,up
2026-02-22,679.0787,573.8784,464.4977,33.5132,0.3929,,0.7399,6.5881,0.7199,up
2026-02-23,689.7097,577.1114,466.1636,36.7161,0.4643,,0.7399,6.5881,0.7393,up
2026-02-24,684.9275,580.2525,467.8105,35.1649,0.4196,,0.7399,6.5881,0.7272,up
2026-02-25,669.8333,583.1166,469.377,30.8989,0.375,,0.7399,6.5881,0.715,up
2026-02-26,673.9263,586.0273,470.9774,32.0249,0.3929,,0.7399,6.5881,0.7199,up
2026-03-01,653.5336,588.5179,472.4718,28.2933,0.2946,,0.4136,-1.7785,0.6634,up
2026-03-02,660.5333,591.1541,474.0093,28.8011,0.2946,,0.4136,-1.7785,0.6634,up
2026-03-03,658.9907,593.7324,475.5365,28.0814,0.2946,,0.4136,-1.7785,0.6634,up
2026-03-04,662.4034,596.3289,477.0807,27.7808,0.2857,,0.4136,-1.7785,0.661,up
2026-03-05,667.5517,598.9661,478.6496,28.4301,0.3304,,0.4136,-1.7785,0.6732,up
2026-03-08,672.6061,601.6517,480.2485,28.3437,0.3661,,0.4136,-1.7785,0.6829,up
2026-03-09,674.8228,604.2849,481.8741,27.7924,0.375,,0.4136,-1.7785,0.6853,up
2026-03-10,680.2571,607.0233,483.5383,28.8675,0.4336,,0.4136,-1.7785,0.7013,up
2026-03-11,688.5856,609.959,485.2338,30.7541,0.469,,0.4136,-1.7785,0.711,up
2026-03-12,688.601,612.8256,486.9188,30.3207,0.469,,0.4136,-1.7785,0.711,up
2026-03-15,682.82,615.5324,488.5627,29.076,0.3717,,0.4136,-1.7785,0.6844,up
2026-03-16,676.79,618.1263,490.176,28.0046,0.3451,,0.4136,-1.7785,0.6772,up
2026-03-17,681.8929,620.8708,491.8317,28.6404,0.3628,,0.4136,-1.7785,0.682,up
2026-03-18,686.8185,623.8076,493.4963,28.961,0.4071,,0.4136,-1.7785,0.6941,up
2026-03-19,686.8185,626.6298,495.1612,28.2118,0.404,,0.4136,-1.7785,0.6932,up
2026-03-24,690.2291,629.5523,496.8418,28.2179,0.4141,,0.4136,-1.7785,0.696,up
2026-03-25,691.187,632.4251,498.5193,27.2521,0.4646,,0.4136,-1.7785,0.7098,up
2026-03-26,688.2173,635.2499,500.169,26.6645,0.4646,,0.4136,-1.7785,0.7098,up
2026-03-29,683.3763,638.1425,501.7879,26.1305,0.3535,,0.4136,-1.7785,0.6795,up
2026-03-30,676.0815,641.0925,503.3637,23.9905,0.3131,,0.4136,-1.7785,0.6685,up
2026-03-31,675.8949,644.1279,504.9224,23.4552,0.303,,0.4136,-1.7785,0.6657,up
2026-04-01,684.2565,647.1576,506.5156,25.0717,0.3838,,0.6697,3.8474,0.711,up
2026-04-02,686.8534,650.1062,508.1575,26.1049,0.3939,,0.6697,3.8474,0.7138,up
2026-04-05,694.9718,653.161,509.9143,28.7028,0.4848,,0.6697,3.8474,0.7386,up
2026-04-06,698.1109,656.2058,511.6695,27.9285,0.5051,,0.6697,3.8474,0.7441,up
2026-04-07,698.3204,659.2376,513.4537,28.3425,0.4646,,0.6697,3.8474,0.7331,up
2026-04-08,706.996,662.4707,515.2708,29.1204,0.596,,0.6697,3.8474,0.7689,up
2026-04-09,709.4475,665.7921,517.132,29.7032,0.6263,,0.6697,3.8474,0.7771,up
2026-04-12,709.4475,669.1369,518.9622,31.6851,,,0.6697,3.8474,0.7427,up
2026-04-14,704.3569,672.5235,520.7396,33.2541,,,0.6697,3.8474,0.7427,up
2026-04-15,710.4951,675.9181,522.4973,35.5588,,,0.6697,3.8474,0.7427,up
2026-04-16,714.6849,679.3229,524.2512,34.1447,,,0.6697,3.8474,0.7427,up
2026-04-19,714.7873,682.5669,525.9784,32.509,,,0.6697,3.8474,0.7427,up
2026-04-20,718.1732,685.8013,527.7112,32.4477,,,0.6697,3.8474,0.7427,up
2026-04-21,725.0587,689.1822,529.4997,32.8268,,,0.6697,3.8474,0.7427,up
2026-04-22,731.788,690.013,531.3099,33.8478,,,0.6697,3.8474,0.7427,up
2026-04-23,735.8512,690.9485,533.1154,34.9343,,,0.6697,3.8474,0.7427,up
2026-04-26,742.8237,691.9514,534.9555,36.7049,,,0.6697,3.8474,0.7427,up
2026-04-27,746.8235,693.0695,536.8107,37.7379,,,0.6697,3.8474,0.7427,up
2026-04-28,750.2659,694.2037,538.6741,40.2296,,,0.6697,3.8474,0.7427,up
2026-04-29,757.5878,695.3158,540.5804,40.095,,,0.6697,3.8474,0.7427,up
2026-04-30,764.247,696.6524,542.5111,40.3719,,,0.6697,3.8474,0.7427,up
2026-05-03,774.363,698.1057,544.4885,40.1333,,,0.5275,0.5515,0.7298,up
2026-05-04,773.5247,699.4267,546.4599,39.0109,,,0.5275,0.5515,0.7298,up
2026-05-05,777.0767,701.116,548.4418,39.758,,,0.5275,0.5515,0.7298,up
2026-05-06,783.0419,703.1952,550.4303,13.4435,,,0.5275,0.5515,0.7298,up
2026-05-07,783.0419,705.0619,552.4139,13.6367,,,0.5275,0.5515,0.7298,up
2026-05-10,788.2613,707.1286,554.4361,13.799,,,0.5275,0.5515,0.7298,up
2026-05-11,789.5075,709.522,556.4645,14.2688,,,0.5275,0.5515,0.7298,up
2026-05-12,795.258,711.9487,558.4928,14.6641,,,0.5275,0.5515,0.7298,up
2026-05-13,798.0248,714.8385,560.5531,13.6818,,,0.5275,0.5515,0.7298,up
2026-05-14,797.829,717.5844,562.5958,14.3975,,,0.5275,0.5515,0.7298,up
2026-05-17,789.493,720.1945,564.6123,12.5117,,,0.5275,0.5515,0.7298,up
2026-05-18,779.9173,722.5447,566.559,10.2393,,,0.5275,0.5515,0.7298,up
2026-05-19,785.4369,724.9024,568.5334,13.4022,,,0.5275,0.5515,0.7298,up
2026-05-20,773.5648,726.9216,570.4484,13.9139,,,0.5275,0.5515,0.7298,up
2026-05-21,773.5679,728.8965,572.3627,12.1585,,,0.5275,0.5515,0.7298,up
2026-05-24,780.8315,730.908,574.3133,14.0021,,,0.5275,0.5515,0.7298,up
2026-05-25,781.4024,732.7643,576.2666,16.6562,,,0.5275,0.5515,0.7298,up
2026-05-26,781.4024,734.6204,578.1286,15.9477,,,0.5275,0.5515,0.7298,up
2026-05-27,781.4024,736.592,579.9937,19.5658,,,0.5275,0.5515,0.7298,up
2026-05-28,781.4024,738.6843,581.8425,18.2987,,,0.5275,0.5515,0.7298,up
2026-05-31,781.4024,740.6744,583.6945,18.5756,,,0.5275,0.5515,0.7298,up
2026-06-01,785.8421,742.6549,585.5641,18.635,,,0.5887,1.8278,0.7353,up
2026-06-02,788.4306,744.6872,587.4409,18.1078,,,0.5887,1.8278,0.7353,up
2026-06-03,788.4275,746.6511,589.3075,17.2198,,,0.5887,1.8278,0.7353,up
2026-06-04,794.5481,748.7184,591.1844,17.7417,,,0.5887,1.8278,0.7353,up
2026-06-07,792.959,750.8132,593.0708,16.5676,,,0.5887,1.8278,0.7353,up
2026-06-08,787.7798,752.9013,594.922,14.4055,,,0.5887,1.8278,0.7353,up
2026-06-09,794.454,755.2687,596.7793,15.3722,,,0.5887,1.8278,0.7353,up
2026-06-10,778.7348,757.3255,598.5384,14.0469,,,0.5887,1.8278,0.7353,up
2026-06-11,769.5011,759.0304,600.2591,13.6987,,,0.5887,1.8278,0.7353,up
2026-06-14,787.3348,761.04,602.0433,15.4631,,,0.5887,1.8278,0.7353,up
2026-06-15,788.9768,762.9201,603.7842,14.8741,,,0.5887,1.8278,0.7353,up
2026-06-16,792.0382,764.7987,605.4722,15.3199,,,0.5887,1.8278,0.7353,up
2026-06-17,792.8152,766.6886,607.1621,14.8626,,,0.5887,1.8278,0.7353,up
2026-06-18,792.8152,768.405,608.8293,14.7034,,,0.5887,1.8278,0.7353,up
2026-06-21,801.493,770.2459,610.5462,16.4593,,,0.5887,1.8278,0.7353,up
2026-06-22,801.6238,772.0894,612.2824,17.3034,,,0.5887,1.8278,0.7353,up
2026-06-23,792.7158,773.8566,613.9545,17.2515,,,0.5887,1.8278,0.7353,up
2026-06-24,793.316,775.513,615.6466,17.3727,,,0.5887,1.8278,0.7353,up
2026-06-25,790.0625,777.0205,617.3142,15.4629,,,0.5887,1.8278,0.7353,up
2026-06-28,774.723,778.2193,618.9041,12.7931,,,0.5887,1.8278,0.5081,neutral
2026-06-29,779.9381,779.4546,620.5175,12.2259,,,0.5887,1.8278,0.7353,up
2026-06-30,793.1795,780.817,622.2044,13.618,,,0.5887,1.8278,0.7353,up
2026-07-01,799.2379,782.166,623.9698,14.4515,,,0.7947,14.1847,0.7541,up
2026-07-02,799.2379,783.4337,625.7159,13.047,,,0.7947,14.1847,0.7541,up
2026-07-05,799.2379,784.562,627.4706,12.6564,,,0.7947,14.1847,0.7541,up
2026-07-06,811.3829,785.8532,629.2967,14.3683,,,0.7947,14.1847,0.7541,up
2026-07-07,815.3199,787.1543,631.1441,15.7538,,,0.7947,14.1847,0.7541,up
2026-07-08,810.2329,788.2072,632.9862,14.0378,,,0.7947,14.1847,0.7541,up
2026-07-09,820.2141,789.3265,634.8596,14.7658,,,0.7947,14.1847,0.7541,up
2026-07-12,825.5653,790.3505,636.7507,15.498,,,0.7947,14.1847,0.7541,up
2026-07-13,881.6663,792.5134,638.9119,22.7651,,,0.7947,14.1847,0.7541,up
2026-07-14,888.8903,794.7496,641.0879,22.5956,,,0.7947,14.1847,0.7541,up
2026-07-15,953.1236,798.1513,643.5692,30.2459,,,0.7947,14.1847,0.7541,up
2026-07-16,959.8697,801.6878,646.0749,30.4435,,,0.7947,14.1847,0.7541,up
2026-07-19,969.0966,805.3045,648.6206,30.4612,,,0.7947,14.1847,0.7541,up
2026-07-20,1036.8912,810.2522,651.4745,38.8402,,,0.7947,14.1847,0.7541,up
2026-07-21,1035.8641,815.0643,654.3264,38.0663,,,0.7947,14.1847,0.7541,up
2026-07-22,1104.929,821.2024,657.5119,45.8483,,,0.7947,14.1847,0.7541,up
2026-07-23,1104.929,827.3444,660.6965,44.5775,,,0.7947,14.1847,0.7541,up
2026-07-26,1112.7677,833.8099,663.8491,43.701,,,0.7947,14.1847,0.7541,up
2026-07-27,1190.6731,842.025,667.4793,53.9283,,,0.7947,14.1847,0.7541,up
2026-07-28,1184.5439,850.0072,671.0581,52.4359,,,0.7947,14.1847,0.7541,up
2026-07-29,1259.4532,859.7249,675.002,60.8411,,,0.7947,14.1847,0.7541,up
2026-07-30,1253.5455,869.3245,678.8937,60.0866,,,0.7947,14.1847,0.7541,up
2026-08-02,1287.14,879.4507,682.9368,63.2885,,,0.7999,27.0087,0.7545,up
2026-08-03,1366.5552,891.1537,687.3521,73.0896,,,0.7999,27.0087,0.7545,up
2026-08-04,1372.8396,902.9825,691.7895,72.6282,,,0.7999,27.0087,0.7545,up
2026-08-05,1462.6503,916.6074,696.5679,83.2838,,,0.7999,27.0087,0.7545,up
2026-08-06,1470.5835,930.391,701.3853,84.3231,,,0.7999,27.0087,0.7545,up
2026-08-09,1472.382,944.2106,706.2074,86.4971,0.3333,,0.7999,27.0087,0.7091,up
2026-08-10,1566.448,959.8228,711.4825,100.848,0.3333,,0.7999,27.0087,0.7091,up
2026-08-11,1620.8066,976.4703,717.0284,106.3573,0.3333,,0.7999,27.0087,0.7091,up
2026-08-12,1721.4864,995.1315,723.1176,122.5394,0.3333,,0.7999,27.0087,0.7091,up
2026-08-13,1723.5986,1013.7125,729.2166,122.8116,0.3333,,0.7999,27.0087,0.7091,up
2026-08-16,1728.368,1032.4206,735.3367,121.3497,0.3333,,0.7999,27.0087,0.7091,up
2026-08-17,1867.0561,1054.0062,742.1509,138.9366,0.3333,,0.7999,27.0087,0.7091,up
2026-08-18,1871.7142,1075.5514,748.9688,139.5327,0.3333,,0.7999,27.0087,0.7091,up
2026-08-19,1954.8403,1099.0735,756.1948,150.1708,0.3333,,0.7999,27.0087,0.7091,up
2026-08-20,1958.5179,1122.8538,763.4509,150.6414,0.3333,,0.7999,27.0087,0.7091,up
2026-08-23,1986.5954,1146.839,770.8465,154.2346,0.3333,,0.7999,27.0087,0.7091,up
2026-08-24,2094.4758,1172.949,778.7905,166.5263,0.3333,,0.7999,27.0087,0.7091,up
2026-08-25,2088.5483,1198.8792,786.7108,164.8995,0.3333,,0.7999,27.0087,0.7091,up
2026-08-26,2224.5055,1227.513,795.3168,182.1446,0.3333,,0.7999,27.0087,0.7091,up
2026-08-27,2224.5055,1256.1468,803.9057,179.9712,0.3333,,0.7999,27.0087,0.7091,up
2026-08-30,2221.5926,1284.5488,812.4644,180.1649,0.3333,,0.7999,27.0087,0.7091,up
2026-08-31,2348.4503,1315.4853,821.6481,198.11,0.3333,,0.7999,27.0087,0.7091,up
2026-09-01,2368.1156,1346.9933,830.9188,198.0809,0.3333,,0.6834,4.2655,0.6985,up
2026-09-02,2515.0679,1381.4284,840.9533,222.9685,0.3333,,0.6834,4.2655,0.6985,up
2026-09-03,2513.285,1415.8928,850.9592,226.6123,0.3333,,0.6834,4.2655,0.6985,up
2026-09-06,2542.065,1451.2397,861.094,222.8696,0.3333,,0.6834,4.2655,0.6985,up
2026-09-07,2724.4978,1490.1309,872.1263,245.3204,0.3333,,0.6834,4.2655,0.6985,up
2026-09-08,2689.1543,1528.0504,883.0032,239.5233,0.3333,,0.6834,4.2655,0.6985,up
2026-09-09,2859.4627,1569.2549,894.7574,260.672,0.3333,,0.6834,4.2655,0.6985,up
2026-09-10,2854.0053,1610.3502,906.5051,259.9837,0.5,,0.6834,4.2655,0.7439,up
2026-09-13,2845.1986,1651.2694,918.1974,254.9873,0.5,,0.6834,4.2655,0.7439,up
2026-09-14,2800.4564,1691.0509,929.6411,249.348,0.3333,,0.6834,4.2655,0.6985,up
2026-09-15,2810.414,1730.9528,941.1409,254.5298,0.3333,,0.6834,4.2655,0.6985,up
2026-09-16,2818.2876,1771.1139,952.6853,255.2541,0.3333,,0.6834,4.2655,0.6985,up
2026-09-17,2839.2454,1811.4945,964.3173,259.3697,0.3333,,0.6834,4.2655,0.6985,up
2026-09-20,2822.8574,1851.4403,975.8591,264.3699,0.3333,,0.6834,4.2655,0.6985,up
2026-09-21,2764.6674,1889.1003,987.0905,254.4727,0.3333,,0.6834,4.2655,0.6985,up
2026-09-22,2761.8897,1926.5603,998.301,248.2049,0.3333,,0.6834,4.2655,0.6985,up
2026-09-23,2742.8756,1962.3554,1009.3951,243.1864,0.3333,,0.6834,4.2655,0.6985,up
2026-09-24,2707.6393,1997.3108,1020.293,238.7776,0.3333,,0.6834,4.2655,0.6985,up
2026-09-27,2624.9763,2030.4284,1030.7785,228.4349,0.1667,,0.6834,4.2655,0.653,up
2026-09-28,2531.7525,2060.3256,1040.8041,212.0293,0.1667,,0.6834,4.2655,0.653,up
2026-09-29,2539.5857,2090.4,1050.8601,211.4833,0.1667,,0.6834,4.2655,0.653,up
2026-09-30,2547.2126,2119.2457,1060.9511,214.3803,0.1667,,0.6834,4.2655,0.653,up
2026-10-01,2638.7346,2149.9218,1071.5012,221.7129,0.2653,,0.7509,7.2504,0.6861,up
2026-10-04,2703.1682,2181.7298,1082.3666,227.4324,0.3367,,0.7509,7.2504,0.7056,up
2026-10-05,2687.2994,2211.6623,1093.1402,204.7978,0.2959,,0.7509,7.2504,0.6944,up
2026-10-06,2670.632,2241.3841,1103.815,200.4456,0.2653,,0.7509,7.2504,0.6861,up
2026-10-07,2666.0468,2269.516,1114.4536,179.7168,0.2959,,0.7509,7.2504,0.6944,up
